{
    "pressure_angle": 20,
    "sun_diameter": 44.0,
    "planet_diameter": 24.0,
    "ring_diameter": 92.0,
    "module": 1,
    "height": 5,
    "name": "Sun_22_Planet_12_Pressure_20",
    "x_offset": 92.0,
    "y_offset": 92.0,
    "planet_locations": [
        [
            126.0,
            92.0,
            0
        ],
        [
            95.13712422175227,
            125.85496199403117,
            0
        ],
        [
            58.14503800596882,
            95.13712422175226,
            0
        ],
        [
            88.86287577824774,
            58.14503800596882,
            0
        ]
    ],
    "gear_start_angles": [
        0.0,
        4.188790204786391,
        8.639379797371932,
        13.089969389957473
    ],
    "boundary_conditions": [
        "FixedRing",
        "FixedSun"
    ],
    "sun_speed": [
        3.090909090909091,
        0.0
    ],
    "ring_speed": [
        0.0,
        1.4782608695652173
    ],
    "carrier_speed": [
        1.0,
        1.0
    ],
    "planet_speed": [
        -3.833333333333333,
        1.8333333333333335
    ],
    "gears": {
        "Sun": {
            "name": "Sun",
            "diameter": 44.0,
            "filename": "Sun.stl",
            "_pressure_angle": 20,
            "_module": 1,
            "location": [
                92.0,
                92.0,
                0
            ],
            "gear_ratio_to_sun": 1,
            "animations": [
                {
                    "name": "FixedRing",
                    "variable": "rotation.y",
                    "type": "BABYLON.Animation.ANIMATIONTYPE_FLOAT",
                    "keyframes": [
                        {
                            "frame": 0,
                            "value": 0.0
                        },
                        {
                            "frame": 50,
                            "value": 9.710377292913906
                        },
                        {
                            "frame": 100,
                            "value": 19.42075458582781
                        }
                    ]
                },
                {
                    "name": "FixedSun",
                    "variable": "rotation.y",
                    "type": "BABYLON.Animation.ANIMATIONTYPE_FLOAT",
                    "keyframes": [
                        {
                            "frame": 0,
                            "value": 0.0
                        },
                        {
                            "frame": 50,
                            "value": 0.0
                        },
                        {
                            "frame": 100,
                            "value": 0.0
                        }
                    ]
                }
            ],
            "start_angle": 0,
            "number_of_teeth": 22
        },
        "Ring": {
            "name": "Ring",
            "diameter": 92.0,
            "filename": "Ring.stl",
            "_pressure_angle": 20,
            "_module": 1,
            "location": [
                92.0,
                92.0,
                0
            ],
            "gear_ratio_to_sun": 0.0,
            "animations": [
                {
                    "name": "FixedRing",
                    "variable": "rotation.y",
                    "type": "BABYLON.Animation.ANIMATIONTYPE_FLOAT",
                    "keyframes": [
                        {
                            "frame": 0,
                            "value": 0.0
                        },
                        {
                            "frame": 50,
                            "value": 0.0
                        },
                        {
                            "frame": 100,
                            "value": 0.0
                        }
                    ]
                },
                {
                    "name": "FixedSun",
                    "variable": "rotation.y",
                    "type": "BABYLON.Animation.ANIMATIONTYPE_FLOAT",
                    "keyframes": [
                        {
                            "frame": 0,
                            "value": 0.0
                        },
                        {
                            "frame": 50,
                            "value": 4.644093487915346
                        },
                        {
                            "frame": 100,
                            "value": 9.288186975830692
                        }
                    ]
                }
            ],
            "start_angle": 0,
            "number_of_teeth": 46
        },
        "Planet1": {
            "name": "Planet1",
            "diameter": 24.0,
            "filename": "Planet1.stl",
            "_pressure_angle": 20,
            "_module": 1,
            "location": [
                126.0,
                92.0,
                0
            ],
            "gear_ratio_to_sun": 0.5454545454545454,
            "animations": [
                {
                    "name": "FixedRing",
                    "variable": "rotation.y",
                    "type": "BABYLON.Animation.ANIMATIONTYPE_FLOAT",
                    "keyframes": [
                        {
                            "frame": 0,
                            "value": -0.0
                        },
                        {
                            "frame": 50,
                            "value": -12.042771838760872
                        },
                        {
                            "frame": 100,
                            "value": -24.085543677521745
                        }
                    ]
                },
                {
                    "name": "FixedRing",
                    "variable": "rotation.y",
                    "type": "BABYLON.Animation.ANIMATIONTYPE_FLOAT",
                    "keyframes": [
                        {
                            "frame": 0,
                            "value": 0.0
                        },
                        {
                            "frame": 50,
                            "value": 3.141592653589793
                        },
                        {
                            "frame": 100,
                            "value": 6.283185307179586
                        }
                    ],
                    "parent_point": {
                        "name": "PlanetCarrierAnim",
                        "x": 92.0,
                        "y": 92.0,
                        "z": 0
                    }
                },
                {
                    "name": "FixedSun",
                    "variable": "rotation.y",
                    "type": "BABYLON.Animation.ANIMATIONTYPE_FLOAT",
                    "keyframes": [
                        {
                            "frame": 0,
                            "value": 0.0
                        },
                        {
                            "frame": 50,
                            "value": 5.759586531581288
                        },
                        {
                            "frame": 100,
                            "value": 11.519173063162576
                        }
                    ]
                },
                {
                    "name": "FixedSun",
                    "variable": "rotation.y",
                    "type": "BABYLON.Animation.ANIMATIONTYPE_FLOAT",
                    "keyframes": [
                        {
                            "frame": 0,
                            "value": 0.0
                        },
                        {
                            "frame": 50,
                            "value": 3.141592653589793
                        },
                        {
                            "frame": 100,
                            "value": 6.283185307179586
                        }
                    ],