{
    "pressure_angle": 20,
    "sun_diameter": 44.0,
    "planet_diameter": 36.0,
    "ring_diameter": 116.0,
    "module": 1,
    "height": 5,
    "name": "Sun_22_Planet_18_Pressure_20",
    "x_offset": 116.0,
    "y_offset": 116.0,
    "planet_locations": [
        [
            156.0,
            116.0,
            0
        ],
        [
            119.1383638291138,
            155.8766933493251,
            0
        ],
        [
            76.12330665067489,
            119.1383638291138,
            0
        ],
        [
            112.86163617088621,
            76.12330665067489,
            0
        ]
    ],
    "gear_start_angles": [
        0.0,
        3.3161255787892263,
        6.806784082777885,
        10.297442586766545
    ],
    "boundary_conditions": [
        "FixedRing",
        "FixedSun"
    ],
    "sun_speed": [
        3.6363636363636362,
        0.0
    ],
    "ring_speed": [
        0.0,
        1.3793103448275863
    ],
    "carrier_speed": [
        1.0,
        1.0
    ],
    "planet_speed": [
        -3.2222222222222223,
        1.2222222222222223
    ],
    "gears": {
        "Sun": {
            "name": "Sun",
            "diameter": 44.0,
            "filename": "Sun.stl",
            "_pressure_angle": 20,
            "_module": 1,
            "location": [
                116.0,
                116.0,
                0
            ],
            "gear_ratio_to_sun": 1,
            "animations": [
                {
                    "name": "FixedRing",
                    "variable": "rotation.y",
                    "type": "BABYLON.Animation.ANIMATIONTYPE_FLOAT",
                    "keyframes": [
                        {
                            "frame": 0,
                            "value": 0.0
                        },
                        {
                            "frame": 50,
                            "value": 11.423973285781065
                        },
                        {
                            "frame": 100,
                            "value": 22.84794657156213
                        }
                    ]
                },
                {
                    "name": "FixedSun",
                    "variable": "rotation.y",
                    "type": "BABYLON.Animation.ANIMATIONTYPE_FLOAT",
                    "keyframes": [
                        {
                            "frame": 0,
                            "value": 0.0
                        },
                        {
                            "frame": 50,
                            "value": 0.0
                        },
                        {
                            "frame": 100,
                            "value": 0.0
                        }
                    ]
                }
            ],
            "start_angle": 0,
            "number_of_teeth": 22
        },
        "Ring": {
            "name": "Ring",
            "diameter": 116.0,
            "filename": "Ring.stl",
            "_pressure_angle": 20,
            "_module": 1,
            "location": [
                116.0,
                116.0,
                0
            ],
            "gear_ratio_to_sun": 0.0,
            "animations": [
                {
                    "name": "FixedRing",
                    "variable": "rotation.y",
                    "type": "BABYLON.Animation.ANIMATIONTYPE_FLOAT",
                    "keyframes": [
                        {
                            "frame": 0,
                            "value": 0.0
                        },
                        {
                            "frame": 50,
                            "value": 0.0
                        },
                        {
                            "frame": 100,
                            "value": 0.0
                        }
                    ]
                },
                {
                    "name": "FixedSun",
                    "variable": "rotation.y",
                    "type": "BABYLON.Animation.ANIMATIONTYPE_FLOAT",
                    "keyframes": [
                        {
                            "frame": 0,
                            "value": 0.0
                        },
                        {
                            "frame": 50,
                            "value": 4.333231246330749
                        },
                        {
                            "frame": 100,
                            "value": 8.666462492661498
                        }
                    ]
                }
            ],
            "start_angle": 0,
            "number_of_teeth": 58
        },
        "Planet1": {
            "name": "Planet1",
            "diameter": 36.0,
            "filename": "Planet1.stl",
            "_pressure_angle": 20,
            "_module": 1,
            "location": [
                156.0,
                116.0,
                0
            ],
            "gear_ratio_to_sun": 0.8181818181818182,
            "animations": [
                {
                    "name": "FixedRing",
                    "variable": "rotation.y",
                    "type": "BABYLON.Animation.ANIMATIONTYPE_FLOAT",
                    "keyframes": [
                        {
                            "frame": 0,
                            "value": -0.0
                        },
                        {
                            "frame": 50,
                            "value": -10.122909661567112
                        },
                        {
                            "frame": 100,
                            "value": -20.245819323134224
                        }
                    ]
                },
                {
                    "name": "FixedRing",
                    "variable": "rotation.y",
                    "type": "BABYLON.Animation.ANIMATIONTYPE_FLOAT",
                    "keyframes": [
                        {
                            "frame": 0,
                            "value": 0.0
                        },
                        {
                            "frame": 50,
                            "value": 3.141592653589793
                        },
                        {
                            "frame": 100,
                            "value": 6.283185307179586
                        }
                    ],
                    "parent_point": {
                        "name": "PlanetCarrierAnim",
                        "x": 116.0,
                        "y": 116.0,
                        "z": 0
                    }
                },
                {
                    "name": "FixedSun",
                    "variable": "rotation.y",
                    "type": "BABYLON.Animation.ANIMATIONTYPE_FLOAT",
                    "keyframes": [
                        {
                            "frame": 0,
                            "value": 0.0
                        },
                        {
                            "frame": 50,
                            "value": 3.839724354387525
                        },
                        {
                            "frame": 100,
                            "value": 7.67944870877505
                        }
                    ]
                },
                {
                    "name": "FixedSun",
                    "variable": "rotation.y",
                    "type": "BABYLON.Animation.ANIMATIONTYPE_FLOAT",
                    "keyframes": [
                        {
                            "frame": 0,
                            "value": 0.0
                        },
                        {
                            "frame": 50,
                            "value": 3.141592653589793
                        },
                        {
                            "frame": 100,
                            "value": 6.283185307179586
                        }
                    ],