{
    "pressure_angle": 20,
    "sun_diameter": 24.0,
    "planet_diameter": 28.0,
    "ring_diameter": 80.0,
    "module": 1,
    "height": 5,
    "name": "Sun_12_Planet_14_Pressure_20",
    "x_offset": 80.0,
    "y_offset": 80.0,
    "planet_locations": [
        [
            106.0,
            80.0,
            0
        ],
        [
            83.13395368663839,
            105.8104307265494,
            0
        ],
        [
            54.189569273450594,
            83.13395368663839,
            0
        ],
        [
            76.86604631336161,
            54.189569273450594,
            0
        ]
    ],
    "gear_start_angles": [
        0.0,
        2.6927937030769655,
        5.609986881410346,
        8.527180059743724
    ],
    "boundary_conditions": [
        "FixedRing",
        "FixedSun"
    ],
    "sun_speed": [
        4.333333333333333,
        0.0
    ],
    "ring_speed": [
        0.0,
        1.2999999999999998
    ],
    "carrier_speed": [
        1.0,
        1.0
    ],
    "planet_speed": [
        -2.8571428571428568,
        0.857142857142857
    ],
    "gears": {
        "Sun": {
            "name": "Sun",
            "diameter": 24.0,
            "filename": "Sun.stl",
            "_pressure_angle": 20,
            "_module": 1,
            "location": [
                80.0,
                80.0,
                0
            ],
            "gear_ratio_to_sun": 1,
            "animations": [
                {
                    "name": "FixedRing",
                    "variable": "rotation.y",
                    "type": "BABYLON.Animation.ANIMATIONTYPE_FLOAT",
                    "keyframes": [
                        {
                            "frame": 0,
                            "value": 0.0
                        },
                        {
                            "frame": 50,
                            "value": 13.613568165555769
                        },
                        {
                            "frame": 100,
                            "value": 27.227136331111538
                        }
                    ]
                },
                {
                    "name": "FixedSun",
                    "variable": "rotation.y",
                    "type": "BABYLON.Animation.ANIMATIONTYPE_FLOAT",
                    "keyframes": [
                        {
                            "frame": 0,
                            "value": 0.0
                        },
                        {
                            "frame": 50,
                            "value": 0.0
                        },
                        {
                            "frame": 100,
                            "value": 0.0
                        }
                    ]
                }
            ],
            "start_angle": 0,
            "number_of_teeth": 12
        },
        "Ring": {
            "name": "Ring",
            "diameter": 80.0,
            "filename": "Ring.stl",
            "_pressure_angle": 20,
            "_module": 1,
            "location": [
                80.0,
                80.0,
                0
            ],
            "gear_ratio_to_sun": 0.0,
            "animations": [
                {
                    "name": "FixedRing",
                    "variable": "rotation.y",
                    "type": "BABYLON.Animation.ANIMATIONTYPE_FLOAT",
                    "keyframes": [
                        {
                            "frame": 0,
                            "value": 0.0
                        },
                        {
                            "frame": 50,
                            "value": 0.0
                        },
                        {
                            "frame": 100,
                            "value": 0.0
                        }
                    ]
                },
                {
                    "name": "FixedSun",
                    "variable": "rotation.y",
                    "type": "BABYLON.Animation.ANIMATIONTYPE_FLOAT",
                    "keyframes": [
                        {
                            "frame": 0,
                            "value": 0.0
                        },
                        {
                            "frame": 50,
                            "value": 4.08407044966673
                        },
                        {
                            "frame": 100,
                            "value": 8.16814089933346
                        }
                    ]
                }
            ],
            "start_angle": 0,
            "number_of_teeth": 40
        },
        "Planet1": {
            "name": "Planet1",
            "diameter": 28.0,
            "filename": "Planet1.stl",
            "_pressure_angle": 20,
            "_module": 1,
            "location": [
                106.0,
                80.0,
                0
            ],
            "gear_ratio_to_sun": 1.1666666666666667,
            "animations": [
                {
                    "name": "FixedRing",
                    "variable": "rotation.y",
                    "type": "BABYLON.Animation.ANIMATIONTYPE_FLOAT",
                    "keyframes": [
                        {
                            "frame": 0,
                            "value": -0.0
                        },
                        {
                            "frame": 50,
                            "value": -8.97597901025655
                        },
                        {
                            "frame": 100,
                            "value": -17.9519580205131
                        }
                    ]
                },
                {
                    "name": "FixedRing",
                    "variable": "rotation.y",
                    "type": "BABYLON.Animation.ANIMATIONTYPE_FLOAT",
                    "keyframes": [
                        {
                            "frame": 0,
                            "value": 0.0
                        },
                        {
                            "frame": 50,
                            "value": 3.141592653589793
                        },
                        {
                            "frame": 100,
                            "value": 6.283185307179586
                        }
                    ],
                    "parent_point": {
                        "name": "PlanetCarrierAnim",
                        "x": 80.0,
                        "y": 80.0,
                        "z": 0
                    }
                },
                {
                    "name": "FixedSun",
                    "variable": "rotation.y",
                    "type": "BABYLON.Animation.ANIMATIONTYPE_FLOAT",
                    "keyframes": [
                        {
                            "frame": 0,
                            "value": 0.0
                        },
                        {
                            "frame": 50,
                            "value": 2.692793703076965
                        },
                        {
                            "frame": 100,
                            "value": 5.38558740615393
                        }
                    ]
                },
                {
                    "name": "FixedSun",
                    "variable": "rotation.y",
                    "type": "BABYLON.Animation.ANIMATIONTYPE_FLOAT",
                    "keyframes": [
                        {
                            "frame": 0,
                            "value": 0.0
                        },
                        {
                            "frame": 50,
                            "value": 3.141592653589793
                        },
                        {
                            "frame": 100,
                            "value": 6.283185307179586
                        }
                    ],