{
    "pressure_angle": 20,
    "sun_diameter": 36.0,
    "planet_diameter": 40.0,
    "ring_diameter": 116.0,
    "module": 1,
    "height": 5,
    "name": "Sun_18_Planet_20_Pressure_20",
    "x_offset": 116.0,
    "y_offset": 116.0,
    "planet_locations": [
        [
            154.0,
            116.0,
            0
        ],
        [
            119.13801512794862,
            153.87021073425345,
            0
        ],
        [
            78.12978926574655,
            119.13801512794862,
            0
        ],
        [
            112.86198487205135,
            78.12978926574655,
            0
        ]
    ],
    "gear_start_angles": [
        0.0,
        2.8274333882308142,
        5.811946409141117,
        8.79645943005142
    ],
    "boundary_conditions": [
        "FixedRing",
        "FixedSun"
    ],
    "sun_speed": [
        4.222222222222222,
        0.0
    ],
    "ring_speed": [
        0.0,
        1.3103448275862069
    ],
    "carrier_speed": [
        1.0,
        1.0
    ],
    "planet_speed": [
        -2.9000000000000004,
        0.8999999999999999
    ],
    "gears": {
        "Sun": {
            "name": "Sun",
            "diameter": 36.0,
            "filename": "Sun.stl",
            "_pressure_angle": 20,
            "_module": 1,
            "location": [
                116.0,
                116.0,
                0
            ],
            "gear_ratio_to_sun": 1,
            "animations": [
                {
                    "name": "FixedRing",
                    "variable": "rotation.y",
                    "type": "BABYLON.Animation.ANIMATIONTYPE_FLOAT",
                    "keyframes": [
                        {
                            "frame": 0,
                            "value": 0.0
                        },
                        {
                            "frame": 50,
                            "value": 13.264502315156905
                        },
                        {
                            "frame": 100,
                            "value": 26.52900463031381
                        }
                    ]
                },
                {
                    "name": "FixedSun",
                    "variable": "rotation.y",
                    "type": "BABYLON.Animation.ANIMATIONTYPE_FLOAT",
                    "keyframes": [
                        {
                            "frame": 0,
                            "value": 0.0
                        },
                        {
                            "frame": 50,
                            "value": 0.0
                        },
                        {
                            "frame": 100,
                            "value": 0.0
                        }
                    ]
                }
            ],
            "start_angle": 0,
            "number_of_teeth": 18
        },
        "Ring": {
            "name": "Ring",
            "diameter": 116.0,
            "filename": "Ring.stl",
            "_pressure_angle": 20,
            "_module": 1,
            "location": [
                116.0,
                116.0,
                0
            ],
            "gear_ratio_to_sun": 0.0,
            "animations": [
                {
                    "name": "FixedRing",
                    "variable": "rotation.y",
                    "type": "BABYLON.Animation.ANIMATIONTYPE_FLOAT",
                    "keyframes": [
                        {
                            "frame": 0,
                            "value": 0.0
                        },
                        {
                            "frame": 50,
                            "value": 0.0
                        },
                        {
                            "frame": 100,
                            "value": 0.0
                        }
                    ]
                },
                {
                    "name": "FixedSun",
                    "variable": "rotation.y",
                    "type": "BABYLON.Animation.ANIMATIONTYPE_FLOAT",
                    "keyframes": [
                        {
                            "frame": 0,
                            "value": 0.0
                        },
                        {
                            "frame": 50,
                            "value": 4.116569684014212
                        },
                        {
                            "frame": 100,
                            "value": 8.233139368028423
                        }
                    ]
                }
            ],
            "start_angle": 0,
            "number_of_teeth": 58
        },
        "Planet1": {
            "name": "Planet1",
            "diameter": 40.0,
            "filename": "Planet1.stl",
            "_pressure_angle": 20,
            "_module": 1,
            "location": [
                154.0,
                116.0,
                0
            ],
            "gear_ratio_to_sun": 1.1111111111111112,
            "animations": [
                {
                    "name": "FixedRing",
                    "variable": "rotation.y",
                    "type": "BABYLON.Animation.ANIMATIONTYPE_FLOAT",
                    "keyframes": [
                        {
                            "frame": 0,
                            "value": -0.0
                        },
                        {
                            "frame": 50,
                            "value": -9.110618695410402
                        },
                        {
                            "frame": 100,
                            "value": -18.221237390820804
                        }
                    ]
                },
                {
                    "name": "FixedRing",
                    "variable": "rotation.y",
                    "type": "BABYLON.Animation.ANIMATIONTYPE_FLOAT",
                    "keyframes": [
                        {
                            "frame": 0,
                            "value": 0.0
                        },
                        {
                            "frame": 50,
                            "value": 3.141592653589793
                        },
                        {
                            "frame": 100,
                            "value": 6.283185307179586
                        }
                    ],
                    "parent_point": {
                        "name": "PlanetCarrierAnim",
                        "x": 116.0,
                        "y": 116.0,
                        "z": 0
                    }
                },
                {
                    "name": "FixedSun",
                    "variable": "rotation.y",
                    "type": "BABYLON.Animation.ANIMATIONTYPE_FLOAT",
                    "keyframes": [
                        {
                            "frame": 0,
                            "value": 0.0
                        },
                        {
                            "frame": 50,
                            "value": 2.8274333882308134
                        },
                        {
                            "frame": 100,
                            "value": 5.654866776461627
                        }
                    ]
                },
                {
                    "name": "FixedSun",
                    "variable": "rotation.y",
                    "type": "BABYLON.Animation.ANIMATIONTYPE_FLOAT",
                    "keyframes": [
                        {
                            "frame": 0,
                            "value": 0.0
                        },
                        {
                            "frame": 50,
                            "value": 3.141592653589793
                        },
                        {
                            "frame": 100,
                            "value": 6.283185307179586
                        }
                    ],